Date,Currency,Mean,Buy,Sell
29/12/2017,US DOLLAR,103.2317,103.1317,103.3317
28/12/2017,US DOLLAR,103.1528,103.0528,103.2528
27/12/2017,US DOLLAR,103.0806,102.9806,103.1806
22/12/2017,US DOLLAR,103.0806,102.9806,103.1806
21/12/2017,US DOLLAR,103.0889,102.9889,103.1889
20/12/2017,US DOLLAR,103.1306,103.0306,103.2306
19/12/2017,US DOLLAR,103.1572,103.0572,103.2572
18/12/2017,US DOLLAR,103.1983,103.0983,103.2983
15/12/2017,US DOLLAR,103.22,103.1228,103.3172
14/12/2017,US DOLLAR,103.1667,103.0694,103.2639
13/12/2017,US DOLLAR,103.1083,103.0083,103.2083
11/12/2017,US DOLLAR,103.0778,102.9778,103.1778
8/12/2017,US DOLLAR,102.9583,102.8583,103.0583
7/12/2017,US DOLLAR,102.8778,102.7778,102.9778
6/12/2017,US DOLLAR,102.9833,102.8833,103.0833
5/12/2017,US DOLLAR,103.0611,102.9611,103.1611
4/12/2017,US DOLLAR,103.0389,102.9389,103.1389
1/12/2017,US DOLLAR,103.1028,103.0028,103.2028
30/11/2017,US DOLLAR,103.2533,103.1533,103.3533
29/11/2017,US DOLLAR,103.3533,103.2533,103.4533
27/11/2017,US DOLLAR,103.3444,103.25,103.4389
24/11/2017,US DOLLAR,103.2639,103.1639,103.3639
23/11/2017,US DOLLAR,103.3861,103.2861,103.4861
22/11/2017,US DOLLAR,103.365,103.265,103.465
21/11/2017,US DOLLAR,103.6,103.5,103.7
20/11/2017,US DOLLAR,103.7889,103.6889,103.8889
17/11/2017,US DOLLAR,103.6939,103.5939,103.7939
16/11/2017,US DOLLAR,103.7361,103.6361,103.8361
15/11/2017,US DOLLAR,103.6778,103.5778,103.7778
14/11/2017,US DOLLAR,103.5861,103.4861,103.6861
13/11/2017,US DOLLAR,103.5811,103.4811,103.6811
10/11/2017,US DOLLAR,103.5933,103.4933,103.6933
9/11/2017,US DOLLAR,103.6,103.5028,103.6972
8/11/2017,US DOLLAR,103.6056,103.5056,103.7056
7/11/2017,US DOLLAR,103.6194,103.5194,103.7194
6/11/2017,US DOLLAR,103.6639,103.5639,103.7639
3/11/2017,US DOLLAR,103.7389,103.6389,103.8389
2/11/2017,US DOLLAR,103.7944,103.6944,103.8944
1/11/2017,US DOLLAR,103.75,103.65,103.85
31/10/2017,US DOLLAR,103.6944,103.5944,103.7944
30/10/2017,US DOLLAR,103.6917,103.5917,103.7917
30/10/2017,US DOLLAR,103.6917,103.5917,103.7917
27/10/2017,US DOLLAR,103.8139,103.7139,103.9139
24/10/2017,US DOLLAR,103.6961,103.5961,103.7961
23/10/2017,US DOLLAR,103.5528,103.4528,103.6528
19/10/2017,US DOLLAR,103.4167,103.3167,103.5167
18/10/2017,US DOLLAR,103.3611,103.2611,103.4611
17/10/2017,US DOLLAR,103.2961,103.1961,103.3961
16/10/2017,US DOLLAR,103.2767,103.1767,103.3767
13/10/2017,US DOLLAR,103.2783,103.1783,103.3783
12/10/2017,US DOLLAR,103.3028,103.2028,103.4028
11/10/2017,US DOLLAR,103.225,103.125,103.325
10/10/2017,US DOLLAR,103.2667,103.1667,103.3667
9/10/2017,US DOLLAR,103.225,103.1278,103.3222
6/10/2017,US DOLLAR,103.2144,103.1144,103.3144
5/10/2017,US DOLLAR,103.3139,103.2139,103.4139
4/10/2017,US DOLLAR,103.3072,103.2072,103.4072
3/10/2017,US DOLLAR,103.2194,103.125,103.3139
2/10/2017,US DOLLAR,103.2222,103.1222,103.3222
29/09/2017,US DOLLAR,103.2472,103.1472,103.3472
28/09/2017,US DOLLAR,103.3439,103.2439,103.4439
27/09/2017,US DOLLAR,103.34,103.24,103.44
26/09/2017,US DOLLAR,103.2694,103.1694,103.3694
25/09/2017,US DOLLAR,103.2611,103.1611,103.3611
22/09/2017,US DOLLAR,103.2872,103.1872,103.3872
21/09/2017,US DOLLAR,103.315,103.215,103.415
20/09/2017,US DOLLAR,103.275,103.175,103.375
19/09/2017,US DOLLAR,103.1444,103.0444,103.2444
18/09/2017,US DOLLAR,103.0333,102.9333,103.1333
15/09/2017,US DOLLAR,102.8486,102.75,102.9472
14/09/2017,US DOLLAR,102.8706,102.7706,102.9706
13/09/2017,US DOLLAR,102.8778,102.7778,102.9778
12/9/2017,US DOLLAR,102.7017,102.6017,102.8017
11/9/2017,US DOLLAR,102.8944,102.7944,102.9944
8/9/2017,US DOLLAR,103.1617,103.0617,103.2617
7/9/2017,US DOLLAR,103.2417,103.1417,103.3417
7/9/2017,US DOLLAR,103.2417,103.1417,103.3417
6/9/2017,US DOLLAR,103.2528,103.1528,103.3528
5/9/2017,US DOLLAR,103.2328,103.1328,103.3328
4/9/2017,US DOLLAR,103.1639,103.0556,103.2722
1/9/2017,US DOLLAR,102.8111,102.7139,102.9083
31/08/2017,US DOLLAR,103.1433,103.0433,103.2433
30/08/2017,US DOLLAR,103.1828,103.0883,103.2772
29/08/2017,US DOLLAR,103.1728,103.0728,103.2728
28/08/2017,US DOLLAR,103.1583,103.0583,103.2583
25/08/2017,US DOLLAR,103.2528,103.1556,103.35
24/08/2017,US DOLLAR,103.2378,103.1378,103.3378
23/08/2017,US DOLLAR,103.1778,103.075,103.2806
22/08/2017,US DOLLAR,103.1028,103.0028,103.2028
21/08/2017,US DOLLAR,103.225,103.125,103.325
18/08/2017,US DOLLAR,103.3878,103.2878,103.4878
17/08/2017,US DOLLAR,103.6978,103.5978,103.7978
16/08/2017,US DOLLAR,103.7456,103.6456,103.8456
15/08/2017,US DOLLAR,103.7611,103.6611,103.8611
14/08/2017,US DOLLAR,103.87,103.77,103.97
11/8/2017,US DOLLAR,103.8972,103.7972,103.9972
10/8/2017,US DOLLAR,103.9028,103.8028,104.0028
9/8/2017,US DOLLAR,103.9039,103.8039,104.0039
7/8/2017,US DOLLAR,103.8881,103.7894,103.9867
4/8/2017,US DOLLAR,103.8672,103.7672,103.9672
3/8/2017,US DOLLAR,103.8572,103.7572,103.9572
2/8/2017,US DOLLAR,103.8739,103.7767,103.9711
1/8/2017,US DOLLAR,103.9194,103.825,104.0139
31/07/2017,US DOLLAR,103.9111,103.8111,104.0111
28/07/2017,US DOLLAR,103.9094,103.8094,104.0094
27/07/2017,US DOLLAR,103.9033,103.8033,104.0033
26/07/2017,US DOLLAR,103.9072,103.8072,104.0072
25/07/2017,US DOLLAR,103.8828,103.7828,103.9828
24/07/2017,US DOLLAR,103.8661,103.7661,103.9661
21/07/2017,US DOLLAR,103.8417,103.7417,103.9417
20/07/2017,US DOLLAR,103.9469,103.8483,104.0456
19/07/2017,US DOLLAR,103.9256,103.8256,104.0256
18/07/2017,US DOLLAR,103.9072,103.8072,104.0072
17/07/2017,US DOLLAR,103.9089,103.8089,104.0089
14/07/2017,US DOLLAR,103.8889,103.7889,103.9889
13/07/2017,US DOLLAR,103.9333,103.8333,104.0333
12/7/2017,US DOLLAR,104.0167,103.9167,104.1167
11/7/2017,US DOLLAR,103.9217,103.8217,104.0217
10/7/2017,US DOLLAR,103.835,103.735,103.935
7/7/2017,US DOLLAR,103.8372,103.7372,103.9372
6/7/2017,US DOLLAR,103.7839,103.6839,103.8839
5/7/2017,US DOLLAR,103.7678,103.6678,103.8678
4/7/2017,US DOLLAR,103.8078,103.7078,103.9078
3/7/2017,US DOLLAR,103.7167,103.6167,103.8167
30/06/2017,US DOLLAR,103.7117,103.6117,103.8117
29/06/2017,US DOLLAR,103.6783,103.5783,103.7783
28/06/2017,US DOLLAR,103.6717,103.5717,103.7717
28/06/2017,US DOLLAR,103.6717,103.5717,103.7717
27/06/2017,US DOLLAR,103.6661,103.5661,103.7661
23/06/2017,US DOLLAR,103.6283,103.5311,103.7256
22/06/2017,US DOLLAR,103.6256,103.5256,103.7256
21/06/2017,US DOLLAR,103.62,103.52,103.72
20/06/2017,US DOLLAR,103.6156,103.5156,103.7156
19/06/2017,US DOLLAR,103.5756,103.4783,103.6728
16/06/2017,US DOLLAR,103.5547,103.4561,103.6533
15/06/2017,US DOLLAR,103.4083,103.3083,103.5083
14/06/2017,US DOLLAR,103.3694,103.2694,103.4694
13/06/2017,US DOLLAR,103.34,103.2456,103.4344
12/6/2017,US DOLLAR,103.3206,103.2233,103.4178
9/6/2017,US DOLLAR,103.3208,103.2278,103.4139
8/6/2017,US DOLLAR,103.3194,103.2222,103.4167
7/6/2017,US DOLLAR,103.3486,103.2544,103.4428
6/6/2017,US DOLLAR,103.3622,103.2622,103.4622
5/6/2017,US DOLLAR,103.3317,103.2317,103.4317
2/6/2017,US DOLLAR,103.3544,103.2628,103.4461
31/05/2017,US DOLLAR,103.3811,103.2811,103.4811
30/05/2017,US DOLLAR,103.3561,103.2561,103.4561
29/05/2017,US DOLLAR,103.3439,103.2439,103.4439
26/05/2017,US DOLLAR,103.3094,103.2094,103.4094
25/05/2017,US DOLLAR,103.2986,103.2022,103.395
24/05/2017,US DOLLAR,103.3,103.2,103.4
23/05/2017,US DOLLAR,103.2883,103.1911,103.3856
22/05/2017,US DOLLAR,103.3078,103.2133,103.4022
19/05/2017,US DOLLAR,103.3406,103.2433,103.4378
18/05/2017,US DOLLAR,103.3378,103.2406,103.435
17/05/2017,US DOLLAR,103.3494,103.2522,103.4467
16/05/2017,US DOLLAR,103.2333,103.1417,103.325
15/05/2017,US DOLLAR,103.2222,103.1222,103.3222
12/5/2017,US DOLLAR,103.3778,103.2778,103.4778
11/5/2017,US DOLLAR,103.3161,103.2189,103.4133
10/5/2017,US DOLLAR,103.2006,103.1006,103.3006
9/5/2017,US DOLLAR,103.175,103.075,103.275
8/5/2017,US DOLLAR,103.1386,103.0372,103.24
5/5/2017,US DOLLAR,103.1442,103.0428,103.2456
4/5/2017,US DOLLAR,103.0931,102.9944,103.1917
3/5/2017,US DOLLAR,103.0972,102.9972,103.1972
2/5/2017,US DOLLAR,103.1478,103.0478,103.2478
28/04/2017,US DOLLAR,103.2222,103.125,103.3194
27/04/2017,US DOLLAR,103.2833,103.1833,103.3833
26/04/2017,US DOLLAR,103.2711,103.1711,103.3711
25/04/2017,US DOLLAR,103.2683,103.1683,103.3683
24/04/2017,US DOLLAR,103.3247,103.2206,103.4289
21/04/2017,US DOLLAR,103.3806,103.2806,103.4806
20/04/2017,US DOLLAR,103.4139,103.3139,103.5139
19/04/2017,US DOLLAR,103.4283,103.3283,103.5283
18/04/2017,US DOLLAR,103.3617,103.2617,103.4617
13/04/2017,US DOLLAR,103.4089,103.3089,103.5089
12/4/2017,US DOLLAR,103.415,103.315,103.515
11/4/2017,US DOLLAR,103.4444,103.3444,103.5444
10/4/2017,US DOLLAR,103.3889,103.2889,103.4889
7/4/2017,US DOLLAR,103.4372,103.3372,103.5372
6/4/2017,US DOLLAR,103.2783,103.1783,103.3783
5/4/2017,US DOLLAR,103.2367,103.1367,103.3367
4/4/2017,US DOLLAR,103.1944,103.0944,103.2944
3/4/2017,US DOLLAR,103.0989,102.9989,103.1989
31/03/2017,US DOLLAR,103,102.9,103.1
30/03/2017,US DOLLAR,103.0167,102.9167,103.1167
29/03/2017,US DOLLAR,102.9528,102.8528,103.0528
28/03/2017,US DOLLAR,102.7061,102.9061,102.8061
27/03/2017,US DOLLAR,102.9083,102.8083,103.0083
24/03/2017,US DOLLAR,102.9472,102.8472,103.0472
23/03/2017,US DOLLAR,102.8972,102.7972,102.9972
22/03/2017,US DOLLAR,103.1056,103.0056,103.2056
21/03/2017,US DOLLAR,103.1117,103.0117,103.2117
20/03/2017,US DOLLAR,103.1111,103.0111,103.2111
17/03/2017,US DOLLAR,103.0306,102.9306,103.1306
16/03/2017,US DOLLAR,102.8944,102.7944,102.9944
15/03/2017,US DOLLAR,102.8122,102.7122,102.9122
14/03/2017,US DOLLAR,102.6711,102.5711,102.7711
13/03/2017,US DOLLAR,102.615,102.515,102.715
10/3/2017,US DOLLAR,102.5639,102.4639,102.6639
9/3/2017,US DOLLAR,102.5628,102.4628,102.6628
8/3/2017,US DOLLAR,102.6211,102.5211,102.7211
7/3/2017,US DOLLAR,102.6428,102.5428,102.7428
6/3/2017,US DOLLAR,102.6528,102.5528,102.7528
3/3/2017,US DOLLAR,102.8761,102.7761,102.9761
2/3/2017,US DOLLAR,102.8333,102.7333,102.9333
1/3/2017,US DOLLAR,102.975,102.875,103.075
28/02/2017,US DOLLAR,103.3417,103.2417,103.4417
27/02/2017,US DOLLAR,103.4678,103.3678,103.5678
24/02/2017,US DOLLAR,103.5467,103.4467,103.6467
23/02/2017,US DOLLAR,103.5944,103.4944,103.6944
22/02/2017,US DOLLAR,103.5767,103.4767,103.6767
22/02/2017,US DOLLAR,103.5767,103.4767,103.6767
21/02/2017,US DOLLAR,103.5833,103.4833,103.6833
20/02/2017,US DOLLAR,103.6222,103.5222,103.7222
17/02/2017,US DOLLAR,103.6514,103.5528,103.75
16/02/2017,US DOLLAR,103.65,103.55,103.75
15/02/2017,US DOLLAR,103.6608,103.5622,103.7594
14/02/2017,US DOLLAR,103.67,103.57,103.77
13/02/2017,US DOLLAR,103.6319,103.5333,103.7306
10/2/2017,US DOLLAR,103.5333,103.4333,103.6333
9/2/2017,US DOLLAR,103.6994,103.5994,103.7994
8/2/2017,US DOLLAR,103.6989,103.5989,103.7989
7/2/2017,US DOLLAR,103.6917,103.5917,103.7917
6/2/2017,US DOLLAR,103.7583,103.6583,103.8583
3/2/2017,US DOLLAR,103.8144,103.7144,103.9144
2/2/2017,US DOLLAR,103.8233,103.7233,103.9233
1/2/2017,US DOLLAR,103.8589,103.7589,103.9589
31/01/2017,US DOLLAR,103.9556,103.8556,104.0556
30/01/2017,US DOLLAR,103.9667,103.8667,104.0667
27/01/2017,US DOLLAR,103.9639,103.8639,104.0639
26/01/2017,US DOLLAR,104.0028,103.9028,104.1028
25/01/2017,US DOLLAR,103.9928,103.8928,104.0928
24/01/2017,US DOLLAR,103.9511,103.8511,104.0511
23/01/2017,US DOLLAR,103.8028,103.7028,103.9028
20/01/2017,US DOLLAR,103.8333,103.7333,103.9333
19/01/2017,US DOLLAR,103.9494,103.8494,104.0494
18/01/2017,US DOLLAR,103.9611,103.8611,104.0611
17/01/2017,US DOLLAR,103.9306,103.8306,104.0306
16/01/2017,US DOLLAR,103.915,103.7928,104.0372
13/01/2017,US DOLLAR,103.8778,103.7778,103.9778
12/1/2017,US DOLLAR,103.8283,103.7283,103.9283
11/1/2017,US DOLLAR,103.8367,103.7367,103.9367
10/1/2017,US DOLLAR,103.8056,103.7056,103.9056
9/1/2017,US DOLLAR,103.6583,103.5556,103.7611
6/1/2017,US DOLLAR,103.6094,103.5094,103.7094
5/1/2017,US DOLLAR,103.4667,103.3667,103.5667
4/1/2017,US DOLLAR,102.8128,102.7156,102.91
3/1/2017,US DOLLAR,102.5628,102.4628,102.6628
30/12/2016,US DOLLAR,102.4858,102.3872,102.5844
29/12/2016,US DOLLAR,102.4433,102.3433,102.5433
28/12/2016,US DOLLAR,102.3589,102.2589,102.4589
23/12/2016,US DOLLAR,102.3578,102.2578,102.4578
22/12/2016,US DOLLAR,102.3472,102.2472,102.4472
21/12/2016,US DOLLAR,102.3017,102.2072,102.3961
20/12/2016,US DOLLAR,102.2417,102.1417,102.3417
20/12/2016,US DOLLAR,102.2417,102.1417,102.3417
19/12/2016,US DOLLAR,102.1978,102.0978,102.2978
16/12/2016,US DOLLAR,102.1861,102.0861,102.2861
15/12/2016,US DOLLAR,102.1006,102.0006,102.2006
14/12/2016,US DOLLAR,102.0978,101.9978,102.1978
13/12/2016,US DOLLAR,102.0817,101.9817,102.1817
9/12/2016,US DOLLAR,101.9739,101.8739,102.0739
8/12/2016,US DOLLAR,101.9731,101.8772,102.0689
7/12/2016,US DOLLAR,101.9144,101.8144,102.0144
6/12/2016,US DOLLAR,101.8739,101.7739,101.9739
5/12/2016,US DOLLAR,101.87,101.77,101.97
2/12/2016,US DOLLAR,101.8586,101.7628,101.9544
1/12/2016,US DOLLAR,101.8503,101.7544,101.9461
30/11/2016,US DOLLAR,101.8769,101.7811,101.9728
29/11/2016,US DOLLAR,101.8756,101.7756,101.9756
28/11/2016,US DOLLAR,101.8939,101.7939,101.9939
25/11/2016,US DOLLAR,101.8733,101.7733,101.9733
24/11/2016,US DOLLAR,101.865,101.765,101.965
23/11/2016,US DOLLAR,101.8528,101.7528,101.9528
22/11/2016,US DOLLAR,101.8556,101.7556,101.9556
21/11/2016,US DOLLAR,101.8444,101.7472,101.9417
18/11/2016,US DOLLAR,101.8278,101.7278,101.9278
17/11/2016,US DOLLAR,101.8533,101.7533,101.9533
16/11/2016,US DOLLAR,101.7717,101.6717,101.8717
15/11/2016,US DOLLAR,101.7667,101.6694,101.8639
14/11/2016,US DOLLAR,101.7417,101.6417,101.8417
11/11/2016,US DOLLAR,101.7028,101.6072,101.7983
10/11/2016,US DOLLAR,101.6983,101.5983,101.7983
9/11/2016,US DOLLAR,101.7208,101.6228,101.8189
8/11/2016,US DOLLAR,101.6222,101.5222,101.7222
7/11/2016,US DOLLAR,101.6578,101.5633,101.7522
4/11/2016,US DOLLAR,101.5911,101.4911,101.6911
3/11/2016,US DOLLAR,101.5661,101.4717,101.6606
2/11/2016,US DOLLAR,101.5239,101.4267,101.6211
1/11/2016,US DOLLAR,101.4761,101.3789,101.5733
31/10/2016,US DOLLAR,101.4586,101.36,101.5572
28/10/2016,US DOLLAR,101.4342,101.3394,101.5289
27/10/2016,US DOLLAR,101.3828,101.2856,101.48
26/10/2016,US DOLLAR,101.3883,101.2883,101.4883
25/10/2016,US DOLLAR,101.4039,101.3067,101.5011
24/10/2016,US DOLLAR,101.37,101.2728,101.4672
21/10/2016,US DOLLAR,101.315,101.2178,101.4122
19/10/2016,US DOLLAR,101.3078,101.2078,101.4078
18/10/2016,US DOLLAR,101.3528,101.2528,101.4528
17/10/2016,US DOLLAR,101.3583,101.2622,101.4544
14/10/2016,US DOLLAR,101.3475,101.2517,101.4433
13/10/2016,US DOLLAR,101.2892,101.1961,101.3822
12/10/2016,US DOLLAR,101.2953,101.1994,101.3911
11/10/2016,US DOLLAR,101.2847,101.1889,101.3806
10/10/2016,US DOLLAR,101.2653,101.1667,101.3639
7/10/2016,US DOLLAR,101.25,101.1528,101.3472
6/10/2016,US DOLLAR,101.27,101.17,101.37
5/10/2016,US DOLLAR,101.26,101.1628,101.3572
4/10/2016,US DOLLAR,101.2139,101.1167,101.3111
3/10/2016,US DOLLAR,101.2206,101.1261,101.315
30/09/2016,US DOLLAR,101.2617,101.1617,101.3617
29/09/2016,US DOLLAR,101.3133,101.2161,101.4106
28/09/2016,US DOLLAR,101.2844,101.1872,101.3817
27/09/2016,US DOLLAR,101.3011,101.2039,101.3983
26/09/2016,US DOLLAR,101.1944,101.0972,101.2917
23/09/2016,US DOLLAR,101.21,101.1128,101.3072
22/09/2016,US DOLLAR,101.2706,101.1706,101.3706
21/09/2016,US DOLLAR,101.2628,101.1628,101.3628
20/09/2016,US DOLLAR,101.2856,101.1856,101.3856
19/09/2016,US DOLLAR,101.2906,101.1906,101.3906
16/09/2016,US DOLLAR,101.2872,101.1872,101.3872
15/09/2016,US DOLLAR,101.2728,101.1728,101.3728
14/09/2016,US DOLLAR,101.1844,101.0872,101.2817
13/09/2016,US DOLLAR,101.2044,101.1044,101.3044
9/9/2016,US DOLLAR,101.3028,101.2056,101.4
8/9/2016,US DOLLAR,101.3194,101.2194,101.4194
7/9/2016,US DOLLAR,101.3167,101.2167,101.4167
6/9/2016,US DOLLAR,101.2739,101.1767,101.3711
5/9/2016,US DOLLAR,101.2356,101.1383,101.3328
2/9/2016,US DOLLAR,101.2983,101.1983,101.3983
1/9/2016,US DOLLAR,101.325,101.2306,101.4194
31/08/2016,US DOLLAR,101.3589,101.2589,101.4589
30/08/2016,US DOLLAR,101.3889,101.2889,101.4889
29/08/2016,US DOLLAR,101.3817,101.2817,101.4817
26/08/2016,US DOLLAR,101.3661,101.2661,101.4661
25/08/2016,US DOLLAR,101.3744,101.2744,101.4744
24/08/2016,US DOLLAR,101.3506,101.2589,101.4422
23/08/2016,US DOLLAR,101.3756,101.2811,101.47
22/08/2016,US DOLLAR,101.355,101.2578,101.4522
19/08/2016,US DOLLAR,101.3722,101.2722,101.4722
18/08/2016,US DOLLAR,101.4139,101.3222,101.5056
17/08/2016,US DOLLAR,101.4811,101.3811,101.5811
16/08/2016,US DOLLAR,101.4617,101.3617,101.5617
15/08/2016,US DOLLAR,101.4639,101.3639,101.5639
12/8/2016,US DOLLAR,101.4744,101.3744,101.5744
11/8/2016,US DOLLAR,101.4939,101.3939,101.5939
10/8/2016,US DOLLAR,101.4744,101.3772,101.5717
9/8/2016,US DOLLAR,101.4489,101.3489,101.5489
8/8/2016,US DOLLAR,101.3794,101.2794,101.4794
5/8/2016,US DOLLAR,101.3939,101.2939,101.4939
4/8/2016,US DOLLAR,101.4067,101.3067,101.5067
3/8/2016,US DOLLAR,101.4117,101.3117,101.5117
2/8/2016,US DOLLAR,101.4111,101.3111,101.5111
1/8/2016,US DOLLAR,101.3972,101.2972,101.4972
29/07/2016,US DOLLAR,101.3889,101.2917,101.4861
28/07/2016,US DOLLAR,101.39,101.2928,101.4872
27/07/2016,US DOLLAR,101.3167,101.2167,101.4167
26/07/2016,US DOLLAR,101.3894,101.2867,101.4922
25/07/2016,US DOLLAR,101.545,101.4478,101.6422
22/07/2016,US DOLLAR,101.5544,101.46,101.6489
21/07/2016,US DOLLAR,101.5778,101.4778,101.6778
20/07/2016,US DOLLAR,101.5678,101.4678,101.6678
19/07/2016,US DOLLAR,101.4781,101.3822,101.5739
18/07/2016,US DOLLAR,101.3847,101.2917,101.4778
15/07/2016,US DOLLAR,101.3372,101.24,101.4344
14/07/2016,US DOLLAR,101.34,101.24,101.44
13/07/2016,US DOLLAR,101.2872,101.19,101.3844
12/7/2016,US DOLLAR,101.2683,101.1683,101.3683
11/7/2016,US DOLLAR,101.2372,101.1428,101.3317
8/7/2016,US DOLLAR,101.1722,101.0806,101.2639
6/7/2016,US DOLLAR,101.1194,101.0306,101.2083
5/7/2016,US DOLLAR,101.1042,101.0139,101.1944
4/7/2016,US DOLLAR,101.0867,100.995,101.1783
1/7/2016,US DOLLAR,101.0861,100.9917,101.1806
30/06/2016,US DOLLAR,101.1022,101.005,101.1994
29/06/2016,US DOLLAR,101.21,101.1156,101.3044
28/06/2016,US DOLLAR,101.2417,101.1472,101.3361
27/06/2016,US DOLLAR,101.24,101.14,101.34
24/06/2016,US DOLLAR,101.2739,101.1739,101.3739
23/06/2016,US DOLLAR,101.2108,101.1122,101.3094
22/06/2016,US DOLLAR,101.1958,101.1,101.2917
21/06/2016,US DOLLAR,101.2456,101.1483,101.3428
20/06/2016,US DOLLAR,101.2336,101.1406,101.3267
17/06/2016,US DOLLAR,101.2603,101.1617,101.3589
16/06/2016,US DOLLAR,101.2514,101.1528,101.35
15/06/2016,US DOLLAR,101.1442,101.0539,101.2344
14/06/2016,US DOLLAR,101.1275,101.0289,101.2261
13/06/2016,US DOLLAR,101.1042,101.0083,101.2
10/6/2016,US DOLLAR,101.1203,101.0272,101.2133
9/6/2016,US DOLLAR,101.0889,100.9889,101.1889
8/6/2016,US DOLLAR,101.1278,101.0361,101.2194
7/6/2016,US DOLLAR,101.1083,101.0111,101.2056
6/6/2016,US DOLLAR,101.0042,100.9083,101.1
3/6/2016,US DOLLAR,100.9022,100.8022,101.0022
2/6/2016,US DOLLAR,100.8444,100.75,100.9389
31/05/2016,US DOLLAR,100.8306,100.7306,100.9306
30/05/2016,US DOLLAR,100.6606,100.5689,100.7522
27/05/2016,US DOLLAR,100.6619,100.5661,100.7578
26/05/2016,US DOLLAR,100.6722,100.575,100.7694
25/05/2016,US DOLLAR,100.8714,100.7722,100.9706
24/05/2016,US DOLLAR,100.9272,100.83,101.0244
23/05/2016,US DOLLAR,100.7947,100.7044,100.885
20/05/2016,US DOLLAR,100.6913,100.5972,100.7853
19/05/2016,US DOLLAR,100.9712,100.8778,101.0647
18/05/2016,US DOLLAR,100.8299,100.7333,100.9265
17/05/2016,US DOLLAR,100.7127,100.6194,100.8059
16/05/2016,US DOLLAR,100.6711,100.5733,100.7688
13/05/2016,US DOLLAR,100.6,100.5,100.7
12/5/2016,US DOLLAR,100.6339,100.5372,100.7306
11/5/2016,US DOLLAR,100.6873,100.5906,100.7841
10/5/2016,US DOLLAR,100.5211,100.4233,100.6188
9/5/2016,US DOLLAR,100.473,100.3767,100.5694
6/5/2016,US DOLLAR,100.5744,100.4794,100.6694
5/5/2016,US DOLLAR,100.6942,100.5972,100.7912
4/5/2016,US DOLLAR,100.7896,100.6928,100.8865
3/5/2016,US DOLLAR,101.1108,101.0133,101.2082
29/04/2016,US DOLLAR,101.1413,101.0472,101.2353
28/04/2016,US DOLLAR,101.1817,101.0917,101.2718
27/04/2016,US DOLLAR,101.2029,101.11,101.2959
26/04/2016,US DOLLAR,101.2172,101.1239,101.3106
25/04/2016,US DOLLAR,101.2115,101.1183,101.3047
22/04/2016,US DOLLAR,101.14,101.0489,101.2312
21/04/2016,US DOLLAR,101.1342,101.0389,101.2294
20/04/2016,US DOLLAR,101.156,101.0572,101.2547
19/04/2016,US DOLLAR,101.2046,101.1044,101.3047
18/04/2016,US DOLLAR,101.2194,101.1189,101.32
15/04/2016,US DOLLAR,101.1662,101.07,101.2624
14/04/2016,US DOLLAR,101.137,101.0417,101.2324
13/04/2016,US DOLLAR,101.1275,101.0339,101.2212
12/4/2016,US DOLLAR,101.0896,100.9928,101.1865
11/4/2016,US DOLLAR,101.1306,101.0311,101.23
8/4/2016,US DOLLAR,101.3413,101.2444,101.4382
7/4/2016,US DOLLAR,101.3157,101.2167,101.4147
6/4/2016,US DOLLAR,101.3785,101.2806,101.4765
5/4/2016,US DOLLAR,101.4799,101.3833,101.5765
4/4/2016,US DOLLAR,101.4292,101.3283,101.53
1/4/2016,US DOLLAR,101.3928,101.2961,101.4894
31/03/2016,US DOLLAR,101.3339,101.2372,101.4306
30/03/2016,US DOLLAR,101.5249,101.4322,101.6176
29/03/2016,US DOLLAR,101.5292,101.4383,101.62
24/03/2016,US DOLLAR,101.5218,101.4283,101.6153
23/03/2016,US DOLLAR,101.5248,101.4283,101.6212
22/03/2016,US DOLLAR,101.4863,101.3867,101.5859
21/03/2016,US DOLLAR,101.4599,101.3639,101.5559
18/03/2016,US DOLLAR,101.4484,101.3556,101.5412
17/03/2016,US DOLLAR,101.4848,101.3867,101.5829
16/03/2016,US DOLLAR,101.4948,101.3978,101.5918
15/03/2016,US DOLLAR,101.535,101.4383,101.6318
14/03/2016,US DOLLAR,101.4445,101.3461,101.5429
11/3/2016,US DOLLAR,101.4475,101.3533,101.5418
10/3/2016,US DOLLAR,101.581,101.4844,101.6776
9/3/2016,US DOLLAR,101.602,101.5106,101.6935
8/3/2016,US DOLLAR,101.4109,101.3178,101.5041
7/3/2016,US DOLLAR,101.3895,101.2956,101.4835
4/3/2016,US DOLLAR,101.335,101.2411,101.4288
3/3/2016,US DOLLAR,101.3975,101.3033,101.4918
2/3/2016,US DOLLAR,101.5671,101.4694,101.6647
1/3/2016,US DOLLAR,101.6743,101.575,101.7735
29/02/2016,US DOLLAR,101.6971,101.5972,101.7971
26/02/2016,US DOLLAR,101.7833,101.6894,101.8771
25/02/2016,US DOLLAR,101.7805,101.6839,101.8771
24/02/2016,US DOLLAR,101.7856,101.6889,101.8824
23/02/2016,US DOLLAR,101.8038,101.7094,101.8982
22/02/2016,US DOLLAR,101.8133,101.7172,101.9094
19/02/2016,US DOLLAR,101.7917,101.6906,101.8929
18/02/2016,US DOLLAR,101.7954,101.6956,101.8953
17/02/2016,US DOLLAR,101.7999,101.7028,101.8971
16/02/2016,US DOLLAR,101.8257,101.725,101.9265
15/02/2016,US DOLLAR,101.8145,101.7156,101.9135
12/2/2016,US DOLLAR,101.8271,101.7278,101.9265
11/2/2016,US DOLLAR,101.7729,101.6722,101.8735
10/2/2016,US DOLLAR,101.9284,101.8333,102.0235
9/2/2016,US DOLLAR,101.9427,101.8472,102.0382
8/2/2016,US DOLLAR,102.1314,102.0333,102.2294
5/2/2016,US DOLLAR,102.1614,102.0611,102.2618
4/2/2016,US DOLLAR,102.2828,102.1861,102.3794
3/2/2016,US DOLLAR,102.2685,102.1694,102.3676
2/2/2016,US DOLLAR,102.288,102.1889,102.3871
1/2/2016,US DOLLAR,102.2708,102.1717,102.37
29/01/2016,US DOLLAR,102.2834,102.1839,102.3829
28/01/2016,US DOLLAR,102.277,102.1806,102.3735
27/01/2016,US DOLLAR,102.3194,102.2194,102.4194
26/01/2016,US DOLLAR,102.3437,102.2444,102.4429
25/01/2016,US DOLLAR,102.3142,102.2167,102.4118
22/01/2016,US DOLLAR,102.3285,102.2306,102.4265
21/01/2016,US DOLLAR,102.3828,102.2833,102.4824
20/01/2016,US DOLLAR,102.4013,102.3056,102.4971
19/01/2016,US DOLLAR,102.3699,102.2722,102.4676
18/01/2016,US DOLLAR,102.3617,102.2628,102.4606
15/01/2016,US DOLLAR,102.3525,102.2539,102.4512
14/01/2016,US DOLLAR,102.3664,102.2717,102.4612
13/01/2016,US DOLLAR,102.3583,102.2594,102.4571
12/1/2016,US DOLLAR,102.3357,102.2361,102.4353
11/1/2016,US DOLLAR,102.2165,102.1189,102.3141
8/1/2016,US DOLLAR,102.1471,102.0472,102.2471
7/1/2016,US DOLLAR,102.2605,102.1644,102.3565
6/1/2016,US DOLLAR,102.2742,102.1778,102.3706
5/1/2016,US DOLLAR,102.2674,102.1683,102.3665
4/1/2016,US DOLLAR,102.2948,102.1978,102.3918
31/12/2015,US DOLLAR,102.3114,102.2139,102.4088
30/12/2015,US DOLLAR,102.2303,102.1294,102.3312
29/12/2015,US DOLLAR,102.257,102.1611,102.3529
28/12/2015,US DOLLAR,102.2951,102.1967,102.3935
24/12/2015,US DOLLAR,102.3123,102.2133,102.4112
23/12/2015,US DOLLAR,102.2526,102.1511,102.3541
22/12/2015,US DOLLAR,102.2442,102.1472,102.3412
21/12/2015,US DOLLAR,102.3204,102.2156,102.4253
18/12/2015,US DOLLAR,102.3548,102.2561,102.4535
17/12/2015,US DOLLAR,102.3157,102.2167,102.4147
16/12/2015,US DOLLAR,102.2097,102.1094,102.31
15/12/2015,US DOLLAR,102.1685,102.0694,102.2676
14/12/2015,US DOLLAR,102.0579,101.9628,102.1529
11/12/2015,US DOLLAR,101.8771,101.7778,101.9765
10/12/2015,US DOLLAR,101.8943,101.7944,101.9941
9/12/2015,US DOLLAR,102.0213,101.925,102.1176
8/12/2015,US DOLLAR,102.1185,102.0194,102.2176
7/12/2015,US DOLLAR,102.1611,102.0622,102.26
4/12/2015,US DOLLAR,102.1814,102.0833,102.2794
3/12/2015,US DOLLAR,102.1854,102.0872,102.2835
2/12/2015,US DOLLAR,102.1529,102.0528,102.2529
1/12/2015,US DOLLAR,102.1842,102.0889,102.2794
30/11/2015,US DOLLAR,102.1143,102.0139,102.2147
27/11/2015,US DOLLAR,102.1363,102.0367,102.2359
25/11/2015,US DOLLAR,102.1793,102.0828,102.2759
24/11/2015,US DOLLAR,102.2,102.1,102.3
23/11/2015,US DOLLAR,102.1806,102.0811,102.28
20/11/2015,US DOLLAR,102.2011,102.1011,102.3012
19/11/2015,US DOLLAR,102.1859,102.0878,102.2841
18/11/2015,US DOLLAR,102.214,102.115,102.3129
17/11/2015,US DOLLAR,102.2372,102.1361,102.3382
16/11/2015,US DOLLAR,102.3085,102.2111,102.4059
13/11/2015,US DOLLAR,102.2524,102.1594,102.3453
12/11/2015,US DOLLAR,102.2926,102.2,102.3853
12/11/2015,US DOLLAR,101.8771,101.7778,101.9765
11/11/2015,US DOLLAR,102.2474,102.1489,102.3459
10/11/2015,US DOLLAR,102.2443,102.1444,102.3441
9/11/2015,US DOLLAR,102.2398,102.1472,102.3324
6/11/2015,US DOLLAR,102.1284,102.0333,102.2235
5/11/2015,US DOLLAR,101.9715,101.8694,102.0735
4/11/2015,US DOLLAR,102.0086,101.9083,102.1088
3/11/2015,US DOLLAR,102.0099,101.9139,102.1059
2/11/2015,US DOLLAR,101.9657,101.8667,102.0647
30/10/2015,US DOLLAR,101.8,101.7,101.9
29/10/2015,US DOLLAR,101.5571,101.4583,101.6559
28/10/2015,US DOLLAR,101.6399,101.5444,101.7353
27/10/2015,US DOLLAR,101.6613,101.5667,101.7559
26/10/2015,US DOLLAR,102.1572,102.0556,102.2588
23/10/2015,US DOLLAR,102.0201,101.9167,102.1235
22/10/2015,US DOLLAR,102.0997,102.0111,102.1882
21/10/2015,US DOLLAR,102.1205,102.0228,102.2182
19/10/2015,US DOLLAR,102.4563,102.3561,102.5565
16/10/2015,US DOLLAR,103.0499,102.9528,103.1471
15/10/2015,US DOLLAR,103.2442,103.1472,103.3412
14/10/2015,US DOLLAR,103.2257,103.125,103.3265
13/10/2015,US DOLLAR,102.9543,102.8528,103.0559
12/10/2015,US DOLLAR,103.0214,102.9222,103.1206
9/10/2015,US DOLLAR,103.0828,102.9833,103.1824
8/10/2015,US DOLLAR,103.3171,103.2194,103.4147
7/10/2015,US DOLLAR,103.1556,103.0583,103.2529
6/10/2015,US DOLLAR,103.0658,102.9639,103.1676
5/10/2015,US DOLLAR,103.9313,103.8361,104.0265
2/10/2015,US DOLLAR,104.3943,104.2944,104.4941
1/10/2015,US DOLLAR,104.6829,104.5806,104.7853
30/09/2015,US DOLLAR,105.2928,105.1944,105.3912
29/09/2015,US DOLLAR,105.2743,105.1722,105.3765
28/09/2015,US DOLLAR,105.2444,105.1417,105.3471
25/09/2015,US DOLLAR,105.2757,105.175,105.3765
24/09/2015,US DOLLAR,105.56,105.4611,105.6588
23/09/2015,US DOLLAR,105.5597,105.4594,105.66
22/09/2015,US DOLLAR,105.3599,105.2639,105.4559
21/09/2015,US DOLLAR,105.1067,105.0122,105.2012
18/09/2015,US DOLLAR,105.6028,105.5056,105.7
17/09/2015,US DOLLAR,105.6784,105.5833,105.7735
16/09/2015,US DOLLAR,105.6298,105.5361,105.7235
15/09/2015,US DOLLAR,105.3783,105.2889,105.4676
14/09/2015,US DOLLAR,105.2931,105.1961,105.39
11/9/2015,US DOLLAR,105.3575,105.2644,105.4506
10/9/2015,US DOLLAR,105.214,105.125,105.3029
9/9/2015,US DOLLAR,105.4057,105.3056,105.5059
8/9/2015,US DOLLAR,106.2455,106.1428,106.3482
7/9/2015,US DOLLAR,105.5471,105.45,105.6441
4/9/2015,US DOLLAR,105.147,105.0528,105.2412
3/9/2015,US DOLLAR,104.6886,104.5889,104.7882
2/9/2015,US DOLLAR,104.227,104.1306,104.3235
1/9/2015,US DOLLAR,103.9576,103.8617,104.0535
31/08/2015,US DOLLAR,103.8699,103.775,103.9647
28/08/2015,US DOLLAR,103.7533,103.6561,103.8506
27/08/2015,US DOLLAR,103.604,103.5139,103.6941
26/08/2015,US DOLLAR,103.8061,103.7117,103.9006
25/08/2015,US DOLLAR,103.7712,103.6806,103.8618
24/08/2015,US DOLLAR,103.6042,103.5083,103.7
21/08/2015,US DOLLAR,103.4756,103.3806,103.5706
20/08/2015,US DOLLAR,103.5285,103.4306,103.6265
19/08/2015,US DOLLAR,103.1596,103.075,103.2441
18/08/2015,US DOLLAR,102.9,102.8,103
17/08/2015,US DOLLAR,102.2911,102.2028,102.3794
14/08/2015,US DOLLAR,102.2534,102.1533,102.3535
13/08/2015,US DOLLAR,101.1539,101.0667,101.2412
12/8/2015,US DOLLAR,100.9167,100.8333,101
11/8/2015,US DOLLAR,101.1317,101.0422,101.2212
10/8/2015,US DOLLAR,101.1142,101.0167,101.2118
7/8/2015,US DOLLAR,101.2045,101.1072,101.3018
6/8/2015,US DOLLAR,101.2954,101.2056,101.3853
5/8/2015,US DOLLAR,101.1118,101.0172,101.2065
4/8/2015,US DOLLAR,101.3255,101.2333,101.4176
3/8/2015,US DOLLAR,101.7743,101.675,101.8735
31/07/2015,US DOLLAR,102.5212,102.4278,102.6147
30/07/2015,US DOLLAR,101.8798,101.7861,101.9735
29/07/2015,US DOLLAR,102.4316,102.345,102.5182
28/07/2015,US DOLLAR,102.0455,101.9528,102.1382
27/07/2015,US DOLLAR,101.2913,101.1944,101.3882
24/07/2015,US DOLLAR,100.7268,100.6389,100.8147
23/07/2015,US DOLLAR,100.5213,100.425,100.6176
22/07/2015,US DOLLAR,101.4984,101.4056,101.5912
21/07/2015,US DOLLAR,102.551,102.4667,102.6353
20/07/2015,US DOLLAR,102.4957,102.3972,102.5941
17/07/2015,US DOLLAR,102.5016,102.3972,102.6059
16/07/2015,US DOLLAR,102.0386,101.9361,102.1412
15/07/2015,US DOLLAR,101.5598,101.4667,101.6529
14/07/2015,US DOLLAR,101.8089,101.6972,101.9206
13/07/2015,US DOLLAR,101.8489,101.7561,101.9418
10/7/2015,US DOLLAR,100.7421,100.64,100.8441
9/7/2015,US DOLLAR,100.3683,100.2778,100.4588
8/7/2015,US DOLLAR,100.4845,100.3778,100.5912
8/7/2015,US DOLLAR,101.2045,101.1072,101.3018
8/7/2015,US DOLLAR,101.2045,101.1072,101.3018
8/7/2015,US DOLLAR,101.2045,101.1072,101.3018
8/7/2015,US DOLLAR,101.2045,101.1072,101.3018
8/7/2015,US DOLLAR,101.2045,101.1072,101.3018
8/7/2015,US DOLLAR,101.2045,101.1072,101.3018
8/7/2015,US DOLLAR,101.2045,101.1072,101.3018
8/7/2015,US DOLLAR,101.2045,101.1072,101.3018
7/7/2015,US DOLLAR,100.1084,100.0139,100.2029
6/7/2015,US DOLLAR,99.9769,99.8861,100.0676
3/7/2015,US DOLLAR,99.5654,99.4778,99.6529
2/7/2015,US DOLLAR,99.3197,99.2306,99.4088
1/7/2015,US DOLLAR,99.2226,99.1306,99.3147
30/06/2015,US DOLLAR,98.6394,98.5511,98.7276
29/06/2015,US DOLLAR,98.4997,98.4111,98.5882
26/06/2015,US DOLLAR,98.5242,98.4278,98.6206
25/06/2015,US DOLLAR,98.4483,98.3583,98.5382
24/06/2015,US DOLLAR,98.7823,98.6911,98.8735
23/06/2015,US DOLLAR,98.5884,98.4944,98.6824
22/06/2015,US DOLLAR,98.554,98.4639,98.6441
19/06/2015,US DOLLAR,98.181,98.0872,98.2747
18/06/2015,US DOLLAR,97.8703,97.7811,97.9594
17/06/2015,US DOLLAR,97.4944,97.4089,97.58
16/06/2015,US DOLLAR,97.3296,97.2444,97.4147
15/06/2015,US DOLLAR,97.2465,97.1694,97.3235
12/6/2015,US DOLLAR,97.2083,97.1194,97.2971
11/6/2015,US DOLLAR,97.0741,96.9806,97.1676
10/6/2015,US DOLLAR,97.2041,97.1111,97.2971
9/6/2015,US DOLLAR,97.8668,97.7778,97.9559
8/6/2015,US DOLLAR,96.9395,96.8556,97.0235
5/6/2015,US DOLLAR,96.114,96.025,96.2029
4/6/2015,US DOLLAR,96.8198,96.7278,96.9118
3/6/2015,US DOLLAR,96.8727,96.7778,96.9676
2/6/2015,US DOLLAR,97.5458,97.4417,97.65
29/05/2015,US DOLLAR,97.781,97.6944,97.8676
28/05/2015,US DOLLAR,98.235,98.1583,98.3118
27/05/2015,US DOLLAR,98.3128,98.2139,98.4118
26/05/2015,US DOLLAR,97.8957,97.7972,97.9941
25/05/2015,US DOLLAR,97.3884,97.2944,97.4824
22/05/2015,US DOLLAR,96.8052,96.7222,96.8882
21/05/2015,US DOLLAR,96.7994,96.7194,96.8794
20/05/2015,US DOLLAR,96.5352,96.4528,96.6176
19/05/2015,US DOLLAR,96.3111,96.2222,96.4
18/05/2015,US DOLLAR,95.9712,95.8806,96.0618
15/05/2015,US DOLLAR,96.1498,96.0656,96.2341
14/05/2015,US DOLLAR,96.5341,96.4506,96.6176
13/05/2015,US DOLLAR,96.5461,96.4622,96.63
12/5/2015,US DOLLAR,96.1868,96.0972,96.2765
11/5/2015,US DOLLAR,95.4269,95.3361,95.5176
8/5/2015,US DOLLAR,95.3079,95.2306,95.3853
7/5/2015,US DOLLAR,95.1534,95.0733,95.2335
6/5/2015,US DOLLAR,95.0431,94.9633,95.1229
5/5/2015,US DOLLAR,94.7597,94.6694,94.85
4/5/2015,US DOLLAR,94.6444,94.575,94.7139
30/04/2015,US DOLLAR,94.6,94.5111,94.6889
29/04/2015,US DOLLAR,94.4139,94.3389,94.4889
28/04/2015,US DOLLAR,94.3,94.2306,94.3694
27/04/2015,US DOLLAR,94.2222,94.1472,94.2972
24/04/2015,US DOLLAR,94.0478,93.9644,94.1311
23/04/2015,US DOLLAR,93.7944,93.7083,93.8806
22/04/2015,US DOLLAR,93.7183,93.6322,93.8044
21/04/2015,US DOLLAR,93.7778,93.6972,93.8583
20/04/2015,US DOLLAR,93.4756,93.4006,93.5506
17/04/2015,US DOLLAR,93.475,93.4083,93.5417
16/04/2015,US DOLLAR,93.5,93.4194,93.5806
15/04/2015,US DOLLAR,93.3767,93.2989,93.4544
14/04/2015,US DOLLAR,93.245,93.1561,93.3339
13/04/2015,US DOLLAR,92.975,92.8972,93.0528
12/4/2015,US DOLLAR,102.1854,102.0872,102.2835
12/4/2015,US DOLLAR,102.1814,102.0833,102.2794
12/4/2015,US DOLLAR,102.1814,102.0833,102.2794
12/4/2015,US DOLLAR,102.1814,102.0833,102.2794
12/4/2015,US DOLLAR,102.1814,102.0833,102.2794
12/4/2015,US DOLLAR,102.1814,102.0833,102.2794
12/4/2015,US DOLLAR,102.1814,102.0833,102.2794
12/4/2015,US DOLLAR,102.1814,102.0833,102.2794
12/4/2015,US DOLLAR,102.1814,102.0833,102.2794
12/4/2015,US DOLLAR,102.1814,102.0833,102.2794
12/4/2015,US DOLLAR,102.1814,102.0833,102.2794
12/4/2015,US DOLLAR,102.1814,102.0833,102.2794
12/4/2015,US DOLLAR,102.1814,102.0833,102.2794
12/4/2015,US DOLLAR,102.1814,102.0833,102.2794
12/4/2015,US DOLLAR,102.1814,102.0833,102.2794
12/4/2015,US DOLLAR,102.1814,102.0833,102.2794
12/4/2015,US DOLLAR,102.1814,102.0833,102.2794
10/4/2015,US DOLLAR,92.8489,92.7739,92.9239
9/4/2015,US DOLLAR,92.6847,92.6167,92.7528
8/4/2015,US DOLLAR,92.55,92.4639,92.6361
7/4/2015,US DOLLAR,92.775,92.6889,92.8611
2/4/2015,US DOLLAR,92.5833,92.5,92.6667
1/4/2015,US DOLLAR,92.3917,92.3139,92.4694
31/03/2015,US DOLLAR,92.335,92.2628,92.4072
30/03/2015,US DOLLAR,92.1861,92.1139,92.2583
27/03/2015,US DOLLAR,92.0319,91.9556,92.1083
26/03/2015,US DOLLAR,91.7669,91.6961,91.8378
25/03/2015,US DOLLAR,91.8144,91.7422,91.8867
24/03/2015,US DOLLAR,91.965,91.8928,92.0372
23/03/2015,US DOLLAR,92.0333,91.9472,92.1194
20/03/2015,US DOLLAR,91.9856,91.905,92.0661
19/03/2015,US DOLLAR,91.8858,91.8122,91.9594
18/03/2015,US DOLLAR,92.0506,91.9756,92.1256
17/03/2015,US DOLLAR,92.0222,91.9361,92.1083
16/03/2015,US DOLLAR,91.7472,91.6694,91.825
13/03/2015,US DOLLAR,91.685,91.6156,91.7544
12/3/2015,US DOLLAR,91.7183,91.6517,91.785
11/3/2015,US DOLLAR,91.6278,91.5528,91.7028
10/3/2015,US DOLLAR,91.4444,91.375,91.5139
9/3/2015,US DOLLAR,91.2194,91.1556,91.2833
6/3/2015,US DOLLAR,91.1575,91.0867,91.2283
5/3/2015,US DOLLAR,91.1708,91.1056,91.2361
4/3/2015,US DOLLAR,91.3267,91.2656,91.3878
3/3/2015,US DOLLAR,91.4144,91.3506,91.4783
2/3/2015,US DOLLAR,91.4139,91.3444,91.4833
27/02/2015,US DOLLAR,91.4231,91.355,91.4911
26/02/2015,US DOLLAR,91.4189,91.3494,91.4883
25/02/2015,US DOLLAR,91.4106,91.3467,91.4744
24/02/2015,US DOLLAR,91.4167,91.3417,91.4917
23/02/2015,US DOLLAR,91.4008,91.3256,91.4761
20/02/2015,US DOLLAR,91.4017,91.325,91.4783
19/02/2015,US DOLLAR,91.3639,91.2917,91.4361
18/02/2015,US DOLLAR,91.4217,91.3522,91.4911
17/02/2015,US DOLLAR,91.5367,91.4644,91.6089
16/02/2015,US DOLLAR,91.5567,91.4872,91.6261
13/02/2015,US DOLLAR,91.5422,91.47,91.6144
12/2/2015,US DOLLAR,91.5544,91.4906,91.6183
11/2/2015,US DOLLAR,91.5733,91.5094,91.6372
10/2/2015,US DOLLAR,91.5967,91.5244,91.6689
9/2/2015,US DOLLAR,91.3183,91.2572,91.3794
6/2/2015,US DOLLAR,91.3317,91.2622,91.4011
5/2/2015,US DOLLAR,91.5556,91.4894,91.6217
4/2/2015,US DOLLAR,91.5861,91.5194,91.6528
3/2/2015,US DOLLAR,91.6683,91.5989,91.7378
2/2/2015,US DOLLAR,91.6944,91.6278,91.7611
30/01/2015,US DOLLAR,91.6736,91.6028,91.7444
29/01/2015,US DOLLAR,91.5533,91.4839,91.6228
28/01/2015,US DOLLAR,91.6694,91.6,91.7389
27/01/2015,US DOLLAR,91.6867,91.6172,91.7561
26/01/2015,US DOLLAR,91.7472,91.6806,91.8139
23/01/2015,US DOLLAR,91.7364,91.6656,91.8072
22/01/2015,US DOLLAR,91.7367,91.6644,91.8089
21/01/2015,US DOLLAR,91.6342,91.5578,91.7106
20/01/2015,US DOLLAR,91.5944,91.525,91.6639
19/01/2015,US DOLLAR,91.4992,91.4283,91.57
16/01/2015,US DOLLAR,91.4831,91.415,91.5511
15/01/2015,US DOLLAR,91.3583,91.2917,91.425
14/01/2015,US DOLLAR,91.3333,91.2583,91.4083
13/01/2015,US DOLLAR,91.2428,91.1678,91.3178
12/1/2015,US DOLLAR,91.13,91.0633,91.1967
9/1/2015,US DOLLAR,91.0989,91.0294,91.1683
8/1/2015,US DOLLAR,91.1056,91.0306,91.1806
7/1/2015,US DOLLAR,90.9228,90.845,91.0006
6/1/2015,US DOLLAR,90.8222,90.7417,90.9028
5/1/2015,US DOLLAR,90.7944,90.7056,90.8833
2/1/2015,US DOLLAR,90.7031,90.6239,90.7822
31/12/2014,US DOLLAR,90.5978,90.5311,90.6644
30/12/2014,US DOLLAR,90.7083,90.625,90.7917
29/12/2014,US DOLLAR,90.5686,90.4894,90.6478
24/12/2014,US DOLLAR,90.5017,90.4239,90.5794
23/12/2014,US DOLLAR,90.3756,90.2978,90.4533
22/12/2014,US DOLLAR,90.4289,90.3511,90.5067
19/12/2014,US DOLLAR,90.4811,90.3978,90.5644
18/12/2014,US DOLLAR,90.45,90.3667,90.5333
17/12/2014,US DOLLAR,90.5947,90.51,90.6794
16/12/2014,US DOLLAR,90.6283,90.5367,90.72
15/12/2014,US DOLLAR,90.5317,90.4428,90.6206
11/12/2014,US DOLLAR,90.5672,90.4839,90.6506
10/12/2014,US DOLLAR,90.4583,90.3667,90.55
9/12/2014,US DOLLAR,90.3917,90.3083,90.475
8/12/2014,US DOLLAR,90.3261,90.24,90.4122
5/12/2014,US DOLLAR,90.2917,90.2,90.3833
4/12/2014,US DOLLAR,90.2222,90.1278,90.3167
3/12/2014,US DOLLAR,90.3294,90.2433,90.4156
2/12/2014,US DOLLAR,90.2431,90.1556,90.3306
1/12/2014,US DOLLAR,90.1878,90.0961,90.2794
28/11/2014,US DOLLAR,90.1792,90.0917,90.2667
27/11/2014,US DOLLAR,90.1344,90.0511,90.2178
26/11/2014,US DOLLAR,90.3069,90.2194,90.3944
25/11/2014,US DOLLAR,90.2156,90.135,90.2961
24/11/2014,US DOLLAR,90.1792,90.0944,90.2639
21/11/2014,US DOLLAR,90.0503,89.96,90.1406
20/11/2014,US DOLLAR,90.1472,90.0694,90.225
19/11/2014,US DOLLAR,90.1083,90.025,90.1917
18/11/2014,US DOLLAR,89.9575,89.87,90.045
17/11/2014,US DOLLAR,89.9028,89.8222,89.9833
14/11/2014,US DOLLAR,90.2181,90.1278,90.3083
13/11/2014,US DOLLAR,90.0656,89.985,90.1461
12/11/2014,US DOLLAR,90.0083,89.9333,90.0833
11/11/2014,US DOLLAR,89.8172,89.7367,89.8978
10/11/2014,US DOLLAR,89.8808,89.7961,89.9656
7/11/2014,US DOLLAR,89.7308,89.6572,89.8044
6/11/2014,US DOLLAR,89.7125,89.6361,89.7889
5/11/2014,US DOLLAR,89.6178,89.54,89.6956
4/11/2014,US DOLLAR,89.6144,89.5283,89.7006
3/11/2014,US DOLLAR,89.415,89.3372,89.4928
31/10/2014,US DOLLAR,89.3522,89.2706,89.4339
30/10/2014,US DOLLAR,89.3556,89.2694,89.4417
29/10/2014,US DOLLAR,89.125,89.0389,89.2111
28/10/2014,US DOLLAR,89.4131,89.33,89.4961
27/10/2014,US DOLLAR,89.4028,89.3222,89.4833
24/10/2014,US DOLLAR,89.3375,89.2583,89.4167
23/10/2014,US DOLLAR,89.1278,89.0417,89.2139
22/10/2014,US DOLLAR,88.9083,88.8306,88.9861
21/10/2014,US DOLLAR,89.1083,89.0333,89.1833
17/10/2014,US DOLLAR,88.9792,88.9,89.0583
16/10/2014,US DOLLAR,89.1694,89.1028,89.2361
15/10/2014,US DOLLAR,89.3322,89.2544,89.41
14/10/2014,US DOLLAR,89.2639,89.1889,89.3389
13/10/2014,US DOLLAR,89.1167,89.0361,89.1972
10/10/2014,US DOLLAR,89.0475,88.96,89.135
9/10/2014,US DOLLAR,89.0903,89.0111,89.1694
8/10/2014,US DOLLAR,89.2253,89.1544,89.2961
7/10/2014,US DOLLAR,89.3014,89.2167,89.3861
6/10/2014,US DOLLAR,89.3231,89.2378,89.4083
6/10/2014,US DOLLAR,89.3231,89.2378,89.4083
3/10/2014,US DOLLAR,89.3306,89.2417,89.4194
2/10/2014,US DOLLAR,89.3611,89.2722,89.45
1/10/2014,US DOLLAR,89.3275,89.2372,89.4178
30/09/2014,US DOLLAR,89.2794,89.1906,89.3683
29/09/2014,US DOLLAR,89.1417,89.0528,89.2306
26/09/2014,US DOLLAR,89.125,89.0333,89.2167
25/09/2014,US DOLLAR,89.0986,89.0072,89.19
24/09/2014,US DOLLAR,89.125,89.0333,89.2167
23/09/2014,US DOLLAR,88.9114,88.8183,89.0044
22/09/2014,US DOLLAR,88.5856,88.48,88.6911
19/09/2014,US DOLLAR,88.9456,88.865,89.0261
18/09/2014,US DOLLAR,89.2681,89.1722,89.3639
17/09/2014,US DOLLAR,88.9894,88.9033,89.0756
16/09/2014,US DOLLAR,88.7944,88.7028,88.8861
15/09/2014,US DOLLAR,88.8167,88.7333,88.9
12/9/2014,US DOLLAR,88.7961,88.7128,88.8794
11/9/2014,US DOLLAR,88.7433,88.6572,88.8294
10/9/2014,US DOLLAR,88.6319,88.5528,88.7111
9/9/2014,US DOLLAR,88.6181,88.5333,88.7028
8/9/2014,US DOLLAR,88.6289,88.5511,88.7067
5/9/2014,US DOLLAR,88.6378,88.5544,88.7211
4/9/2014,US DOLLAR,88.6789,88.5928,88.765
3/9/2014,US DOLLAR,88.6269,88.5478,88.7061
2/9/2014,US DOLLAR,88.5167,88.4417,88.5917
1/9/2014,US DOLLAR,88.4306,88.35,88.5111
29/08/2014,US DOLLAR,88.3944,88.3139,88.475
28/08/2014,US DOLLAR,88.3786,88.3078,88.4494
27/08/2014,US DOLLAR,88.35,88.2667,88.4333
26/08/2014,US DOLLAR,88.5828,88.4967,88.6689
25/08/2014,US DOLLAR,88.3261,88.2539,88.3983
22/08/2014,US DOLLAR,88.3144,88.2311,88.3978
21/08/2014,US DOLLAR,88.2761,88.2039,88.3483
20/08/2014,US DOLLAR,88.3039,88.2206,88.3872
19/08/2014,US DOLLAR,88.185,88.1044,88.2656
18/08/2014,US DOLLAR,88.1194,88.0417,88.1972
15/08/2014,US DOLLAR,88.0361,87.9583,88.1139
14/08/2014,US DOLLAR,88.0769,88.0033,88.1506
13/08/2014,US DOLLAR,87.9864,87.9128,88.06
12/8/2014,US DOLLAR,87.9514,87.8667,88.0361
11/8/2014,US DOLLAR,87.9031,87.8183,87.9878
8/8/2014,US DOLLAR,87.8728,87.7922,87.9533
7/8/2014,US DOLLAR,87.8783,87.795,87.9617
6/8/2014,US DOLLAR,87.8197,87.7378,87.9017
5/8/2014,US DOLLAR,87.8042,87.725,87.8833
4/8/2014,US DOLLAR,87.8244,87.7411,87.9078
1/8/2014,US DOLLAR,87.84,87.7567,87.9233
31/07/2014,US DOLLAR,87.8042,87.7222,87.8861
30/07/2014,US DOLLAR,87.7444,87.675,87.8139
28/07/2014,US DOLLAR,87.6903,87.6056,87.775
25/07/2014,US DOLLAR,87.7997,87.7144,87.885
24/07/2014,US DOLLAR,87.8039,87.7094,87.8983
23/07/2014,US DOLLAR,87.8597,87.775,87.9444
22/07/2014,US DOLLAR,87.7994,87.7189,87.88
21/07/2014,US DOLLAR,87.7958,87.7139,87.8778
18/07/2014,US DOLLAR,87.7706,87.6844,87.8567
17/07/2014,US DOLLAR,87.7069,87.6194,87.7944
16/07/2014,US DOLLAR,87.7447,87.6667,87.8228
15/07/2014,US DOLLAR,87.7083,87.6194,87.7972
14/07/2014,US DOLLAR,87.6306,87.5417,87.7194
11/7/2014,US DOLLAR,87.6486,87.5639,87.7333
10/7/2014,US DOLLAR,87.775,87.6833,87.8667
9/7/2014,US DOLLAR,87.8589,87.7672,87.9506
8/7/2014,US DOLLAR,87.8919,87.8128,87.9711
7/7/2014,US DOLLAR,87.8792,87.7944,87.9639
4/7/2014,US DOLLAR,87.825,87.7389,87.9111
3/7/2014,US DOLLAR,87.7222,87.6278,87.8167
2/7/2014,US DOLLAR,87.8278,87.7306,87.925
1/7/2014,US DOLLAR,87.6361,87.55,87.7222
30/06/2014,US DOLLAR,87.6269,87.5322,87.7217
27/06/2014,US DOLLAR,87.6828,87.595,87.7706
26/06/2014,US DOLLAR,87.6083,87.525,87.6917
25/06/2014,US DOLLAR,87.4756,87.3783,87.5728
24/06/2014,US DOLLAR,87.3785,87.2972,87.4598
23/06/2014,US DOLLAR,87.4308,87.3517,87.51
20/06/2014,US DOLLAR,87.4056,87.3278,87.4833
19/06/2014,US DOLLAR,87.6094,87.5233,87.6956
18/06/2014,US DOLLAR,87.5367,87.445,87.6283
17/06/2014,US DOLLAR,87.92,87.8311,88.0089
16/06/2014,US DOLLAR,87.8889,87.7917,87.9861
13/06/2014,US DOLLAR,87.8319,87.7389,87.925
12/6/2014,US DOLLAR,87.7639,87.6806,87.8472
11/6/2014,US DOLLAR,87.6972,87.6194,87.775
10/6/2014,US DOLLAR,87.55,87.4611,87.6389
9/6/2014,US DOLLAR,87.5014,87.4139,87.5889
6/6/2014,US DOLLAR,87.5069,87.425,87.5889
5/6/2014,US DOLLAR,87.5056,87.4194,87.5917
4/6/2014,US DOLLAR,87.5722,87.4972,87.6472
3/6/2014,US DOLLAR,87.7389,87.65,87.8278
30/05/2014,US DOLLAR,87.7972,87.7056,87.8889
29/05/2014,US DOLLAR,87.8164,87.7344,87.8983
28/05/2014,US DOLLAR,87.84,87.7539,87.9261
27/05/2014,US DOLLAR,87.8569,87.7694,87.9444
26/05/2014,US DOLLAR,87.8289,87.74,87.9178
23/05/2014,US DOLLAR,87.8583,87.7722,87.9444
22/05/2014,US DOLLAR,87.8319,87.7472,87.9167
21/05/2014,US DOLLAR,87.8042,87.7139,87.8944
20/05/2014,US DOLLAR,87.6847,87.6,87.7694
19/05/2014,US DOLLAR,87.5333,87.4417,87.625
16/05/2014,US DOLLAR,87.3892,87.3044,87.4739
15/05/2014,US DOLLAR,87.3211,87.2294,87.4128
14/05/2014,US DOLLAR,87.2208,87.125,87.3167
13/05/2014,US DOLLAR,87.0917,87,87.1833
12/5/2014,US DOLLAR,87.1222,87.0278,87.2167
9/5/2014,US DOLLAR,87.0322,86.9433,87.1211
8/5/2014,US DOLLAR,86.9653,86.8694,87.0611
7/5/2014,US DOLLAR,86.9594,86.8761,87.0428
6/5/2014,US DOLLAR,86.9292,86.8389,87.0194
5/5/2014,US DOLLAR,86.8944,86.8,86.9889
2/5/2014,US DOLLAR,86.8667,86.7833,86.95
30/04/2014,US DOLLAR,86.8711,86.7794,86.9628
29/04/2014,US DOLLAR,86.8572,86.7628,86.9517
28/04/2014,US DOLLAR,86.8375,86.7472,86.9278
25/04/2014,US DOLLAR,86.8736,86.7917,86.9556
24/04/2014,US DOLLAR,86.9208,86.8278,87.0139
23/04/2014,US DOLLAR,87.0806,86.9972,87.1639
22/04/2014,US DOLLAR,86.8958,86.8083,86.9833
17/04/2014,US DOLLAR,86.8278,86.7417,86.9139
16/04/2014,US DOLLAR,86.9042,86.8139,86.9944
15/04/2014,US DOLLAR,86.7053,86.6094,86.8011
14/04/2014,US DOLLAR,86.6264,86.5278,86.725
11/4/2014,US DOLLAR,86.5572,86.4711,86.6433
10/4/2014,US DOLLAR,86.5611,86.4778,86.6444
9/4/2014,US DOLLAR,86.5889,86.4972,86.6806
8/4/2014,US DOLLAR,86.6042,86.5194,86.6889
7/4/2014,US DOLLAR,86.6586,86.5672,86.75
4/4/2014,US DOLLAR,86.5819,86.4861,86.6778
3/4/2014,US DOLLAR,86.5472,86.4583,86.6361
2/4/2014,US DOLLAR,86.4264,86.3333,86.5194
1/4/2014,US DOLLAR,86.4,86.3111,86.4889
31/03/2014,US DOLLAR,86.4414,86.3622,86.5206
28/03/2014,US DOLLAR,86.5333,86.4472,86.6194
27/03/2014,US DOLLAR,86.6675,86.58,86.755
26/03/2014,US DOLLAR,86.5853,86.495,86.6756
25/03/2014,US DOLLAR,86.5725,86.4861,86.6589
24/03/2014,US DOLLAR,86.6167,86.5306,86.7028
21/03/2014,US DOLLAR,86.5014,86.425,86.5778
20/03/2014,US DOLLAR,86.4917,86.4083,86.575
19/03/2014,US DOLLAR,86.5417,86.4611,86.6222
18/03/2014,US DOLLAR,86.4861,86.4111,86.5611
17/03/2014,US DOLLAR,86.4667,86.3944,86.5389
14/03/2014,US DOLLAR,86.4444,86.3667,86.5222
13/03/2014,US DOLLAR,86.4361,86.3417,86.5306
12/3/2014,US DOLLAR,86.3861,86.2917,86.4806
11/3/2014,US DOLLAR,86.4844,86.3956,86.5733
10/3/2014,US DOLLAR,86.5111,86.4083,86.6139
7/3/2014,US DOLLAR,86.5194,86.4278,86.6111
6/3/2014,US DOLLAR,86.5306,86.4444,86.6167
5/3/2014,US DOLLAR,86.3839,86.3006,86.4672
4/3/2014,US DOLLAR,86.3875,86.2944,86.4806
3/3/2014,US DOLLAR,86.2758,86.1772,86.3744
28/02/2014,US DOLLAR,86.3264,86.2306,86.4222
27/02/2014,US DOLLAR,86.4806,86.3861,86.575
26/02/2014,US DOLLAR,86.4083,86.3083,86.5083
25/02/2014,US DOLLAR,86.2458,86.1472,86.3444
24/02/2014,US DOLLAR,86.1611,86.0556,86.2667
21/02/2014,US DOLLAR,86.1033,86.0144,86.1922
20/02/2014,US DOLLAR,86.1764,86.0806,86.2722
19/02/2014,US DOLLAR,86.2575,86.1561,86.3589
18/02/2014,US DOLLAR,86.3431,86.2472,86.4389
17/02/2014,US DOLLAR,86.3569,86.2639,86.45
14/02/2014,US DOLLAR,86.3778,86.2917,86.4639
13/02/2014,US DOLLAR,86.2444,86.1639,86.325
12/2/2014,US DOLLAR,86.1922,86.1144,86.27
11/2/2014,US DOLLAR,86.1875,86.1111,86.2639
10/2/2014,US DOLLAR,86.0569,85.9667,86.1472
7/2/2014,US DOLLAR,86.0611,85.9806,86.1417
6/2/2014,US DOLLAR,86.1056,86.0139,86.1972
5/2/2014,US DOLLAR,86.3361,86.2333,86.4389
4/2/2014,US DOLLAR,86.5839,86.4761,86.6917
3/2/2014,US DOLLAR,86.5519,86.4478,86.6561
31/01/2014,US DOLLAR,86.2361,86.1306,86.3417
30/01/2014,US DOLLAR,86.0833,85.9917,86.175
29/01/2014,US DOLLAR,85.9611,85.8639,86.0583
28/01/2014,US DOLLAR,85.8278,85.7361,85.9194
27/01/2014,US DOLLAR,85.8125,85.7139,85.9111
24/01/2014,US DOLLAR,85.5333,85.4333,85.6333
23/01/2014,US DOLLAR,85.8181,85.7389,85.8972
22/01/2014,US DOLLAR,85.8806,85.7944,85.9667
21/01/2014,US DOLLAR,85.8792,85.7806,85.9778
20/01/2014,US DOLLAR,85.4572,85.3617,85.5528
17/01/2014,US DOLLAR,85.8972,85.8083,85.9861
16/01/2014,US DOLLAR,85.8508,85.7578,85.9439
15/01/2014,US DOLLAR,86.2344,86.1428,86.3261
14/01/2014,US DOLLAR,86.2806,86.1611,86.4
13/01/2014,US DOLLAR,86.4372,86.3178,86.5567
10/1/2014,US DOLLAR,86.6306,86.5389,86.7222
9/1/2014,US DOLLAR,86.8639,86.7722,86.9556
8/1/2014,US DOLLAR,86.9611,86.8611,87.0611
7/1/2014,US DOLLAR,86.9583,86.8528,87.0639
6/1/2014,US DOLLAR,86.8228,86.7367,86.9089
3/1/2014,US DOLLAR,86.8722,86.7722,86.9722
2/1/2014,US DOLLAR,86.4167,86.3222,86.5111
31/12/2013,US DOLLAR,86.3097,86.2139,86.4056
30/12/2013,US DOLLAR,85.8903,85.8028,85.9778
27/12/2013,US DOLLAR,85.8164,85.7344,85.8983
24/12/2013,US DOLLAR,85.7197,85.6433,85.7961
23/12/2013,US DOLLAR,85.7208,85.6306,85.8111
20/12/2013,US DOLLAR,85.8278,85.7222,85.9333
19/12/2013,US DOLLAR,86.1722,86.0778,86.2667
18/12/2013,US DOLLAR,86.0431,85.9472,86.1389
17/12/2013,US DOLLAR,86.4286,86.3328,86.5244
16/12/2013,US DOLLAR,86.5542,86.4583,86.65
11/12/2013,US DOLLAR,86.6789,86.5872,86.7706
10/12/2013,US DOLLAR,86.6511,86.565,86.7372
9/12/2013,US DOLLAR,86.625,86.5389,86.7111
6/12/2013,US DOLLAR,86.5589,86.4728,86.645
5/12/2013,US DOLLAR,86.4886,86.3983,86.5789
4/12/2013,US DOLLAR,86.7139,86.6167,86.8111
3/12/2013,US DOLLAR,86.7192,86.6233,86.815
2/12/2013,US DOLLAR,86.6506,86.5533,86.7478
29/11/2013,US DOLLAR,86.9931,86.8944,87.0917
28/11/2013,US DOLLAR,86.9875,86.8972,87.0778
27/11/2013,US DOLLAR,86.8889,86.7861,86.9917
26/11/2013,US DOLLAR,86.6528,86.5556,86.75
25/11/2013,US DOLLAR,86.6842,86.58,86.7883
22/11/2013,US DOLLAR,86.2972,86.1972,86.3972
21/11/2013,US DOLLAR,86.1667,86.0667,86.2667
20/11/2013,US DOLLAR,86.3075,86.2172,86.3978
19/11/2013,US DOLLAR,86.4658,86.3672,86.5644
18/11/2013,US DOLLAR,86.4556,86.3611,86.55
15/11/2013,US DOLLAR,86.2819,86.1833,86.3806
14/11/2013,US DOLLAR,86.2569,86.1667,86.3472
13/11/2013,US DOLLAR,86.0042,85.9,86.1083
12/11/2013,US DOLLAR,85.7,85.5972,85.8028
11/11/2013,US DOLLAR,85.5872,85.4844,85.69
8/11/2013,US DOLLAR,85.5153,85.4083,85.6222
7/11/2013,US DOLLAR,85.3069,85.1806,85.4333
6/11/2013,US DOLLAR,85.3736,85.2694,85.4778
5/11/2013,US DOLLAR,85.5197,85.4128,85.6267
4/11/2013,US DOLLAR,85.4472,85.3417,85.5528
1/11/2013,US DOLLAR,85.2714,85.17,85.3728
31/10/2013,US DOLLAR,85.1469,85.0483,85.2456
30/10/2013,US DOLLAR,85.1667,85.0722,85.2611
29/10/2013,US DOLLAR,85.0806,84.9944,85.1667
28/10/2013,US DOLLAR,84.8678,84.7761,84.9594
25/10/2013,US DOLLAR,84.7431,84.6556,84.8306
24/10/2013,US DOLLAR,84.7389,84.6361,84.8417
23/10/2013,US DOLLAR,84.785,84.685,84.885
22/10/2013,US DOLLAR,84.7194,84.625,84.8139
18/10/2013,US DOLLAR,84.8708,84.7667,84.975
17/10/2013,US DOLLAR,84.9736,84.8778,85.0694
16/10/2013,US DOLLAR,84.9894,84.8894,85.0894
15/10/2013,US DOLLAR,84.9944,84.8944,85.0944
14/10/2013,US DOLLAR,84.9714,84.8783,85.0644
11/10/2013,US DOLLAR,85.1986,85.1,85.2972
10/10/2013,US DOLLAR,85.3917,85.2944,85.4889
9/10/2013,US DOLLAR,84.9639,84.8694,85.0583
8/10/2013,US DOLLAR,85.2583,85.1694,85.3472
7/10/2013,US DOLLAR,86.1306,86.0278,86.2333
4/10/2013,US DOLLAR,86.5236,86.4278,86.6194
3/10/2013,US DOLLAR,86.7936,86.695,86.8922
2/10/2013,US DOLLAR,86.3722,86.2528,86.4917
1/10/2013,US DOLLAR,86.1478,86.0506,86.245
30/09/2013,US DOLLAR,86.6458,86.5417,86.75
27/09/2013,US DOLLAR,86.9903,86.8917,87.0889
26/09/2013,US DOLLAR,87.2292,87.1361,87.3222
25/09/2013,US DOLLAR,87.4097,87.3194,87.5
24/09/2013,US DOLLAR,87.4611,87.3806,87.5417
23/09/2013,US DOLLAR,87.4194,87.3361,87.5028
20/09/2013,US DOLLAR,87.3861,87.2972,87.475
19/09/2013,US DOLLAR,87.4542,87.3639,87.5444
18/09/2013,US DOLLAR,87.5406,87.4517,87.6294
17/09/2013,US DOLLAR,87.5361,87.45,87.6222
16/09/2013,US DOLLAR,87.5806,87.4861,87.675
13/09/2013,US DOLLAR,87.5444,87.4528,87.6361
12/9/2013,US DOLLAR,87.5458,87.45,87.6417
11/9/2013,US DOLLAR,87.5158,87.42,87.6117
10/9/2013,US DOLLAR,87.4792,87.3833,87.575
9/9/2013,US DOLLAR,87.4028,87.3056,87.5
6/9/2013,US DOLLAR,87.4236,87.325,87.5222
5/9/2013,US DOLLAR,87.4986,87.4111,87.5861
4/9/2013,US DOLLAR,87.5325,87.4317,87.6333
3/9/2013,US DOLLAR,87.5178,87.4317,87.6039
2/9/2013,US DOLLAR,87.5567,87.4594,87.6539
30/08/2013,US DOLLAR,87.5967,87.5078,87.6856
29/08/2013,US DOLLAR,87.5775,87.4789,87.6761
28/08/2013,US DOLLAR,87.4928,87.3983,87.5872
27/08/2013,US DOLLAR,87.525,87.4306,87.6194
26/08/2013,US DOLLAR,87.5611,87.4694,87.6528
23/08/2013,US DOLLAR,87.5303,87.4428,87.6178
22/08/2013,US DOLLAR,87.4572,87.3656,87.5489
21/08/2013,US DOLLAR,87.4606,87.3722,87.5489
20/08/2013,US DOLLAR,87.5389,87.4556,87.6222
19/08/2013,US DOLLAR,87.4711,87.385,87.5572
16/08/2013,US DOLLAR,87.4997,87.4094,87.59
15/08/2013,US DOLLAR,87.5906,87.5044,87.6767
14/08/2013,US DOLLAR,87.7042,87.6111,87.7972
13/08/2013,US DOLLAR,87.6083,87.5056,87.7111
12/8/2013,US DOLLAR,87.3858,87.2928,87.4789
8/8/2013,US DOLLAR,87.3908,87.295,87.4867
7/8/2013,US DOLLAR,87.3983,87.2983,87.4983
6/8/2013,US DOLLAR,87.3844,87.2928,87.4761
5/8/2013,US DOLLAR,87.3731,87.2772,87.4689
2/8/2013,US DOLLAR,87.4075,87.3172,87.4978
1/8/2013,US DOLLAR,87.3978,87.3061,87.4894
31/07/2013,US DOLLAR,87.2797,87.1839,87.3756
30/07/2013,US DOLLAR,87.2333,87.1389,87.3278
29/07/2013,US DOLLAR,87.2361,87.1361,87.3361
26/07/2013,US DOLLAR,87.4028,87.3056,87.5
25/07/2013,US DOLLAR,87.4056,87.3056,87.5056
24/07/2013,US DOLLAR,87.3431,87.2444,87.4417
23/07/2013,US DOLLAR,87.1697,87.0667,87.2728
22/07/2013,US DOLLAR,87.0808,86.9806,87.1811
19/07/2013,US DOLLAR,87.1583,87.0611,87.2556
18/07/2013,US DOLLAR,86.8919,86.7933,86.9906
17/07/2013,US DOLLAR,86.7875,86.6917,86.8833
16/07/2013,US DOLLAR,86.9986,86.8972,87.1
15/07/2013,US DOLLAR,87.2364,87.1344,87.3383
12/7/2013,US DOLLAR,87.1725,87.0767,87.2683
11/7/2013,US DOLLAR,86.8556,86.7611,86.95
10/7/2013,US DOLLAR,86.8972,86.7944,87
9/7/2013,US DOLLAR,86.7969,86.6983,86.8956
8/7/2013,US DOLLAR,86.6831,86.5817,86.7844
5/7/2013,US DOLLAR,86.2583,86.1611,86.3556
4/7/2013,US DOLLAR,86.2,86.1111,86.2889
3/7/2013,US DOLLAR,85.9897,85.8939,86.0856
2/7/2013,US DOLLAR,85.8561,85.7561,85.9561
1/7/2013,US DOLLAR,85.8347,85.7389,85.9306
28/06/2013,US DOLLAR,86.0075,85.9117,86.1033
27/06/2013,US DOLLAR,86.0269,85.9311,86.1228
26/06/2013,US DOLLAR,86.025,85.9222,86.1278
25/06/2013,US DOLLAR,86.0603,85.9644,86.1561
24/06/2013,US DOLLAR,85.8875,85.7972,85.9778
21/06/2013,US DOLLAR,85.7375,85.6444,85.8306
20/06/2013,US DOLLAR,85.6772,85.5772,85.7772
19/06/2013,US DOLLAR,85.7236,85.6278,85.8194
18/06/2013,US DOLLAR,85.7103,85.6228,85.7978
17/06/2013,US DOLLAR,85.6083,85.5139,85.7028
14/06/2013,US DOLLAR,85.3878,85.295,85.4806
13/06/2013,US DOLLAR,85.3531,85.26,85.4461
12/6/2013,US DOLLAR,85.0539,84.9761,85.1317
11/6/2013,US DOLLAR,85.0528,84.9528,85.1528
10/6/2013,US DOLLAR,84.8806,84.7917,84.9694
7/6/2013,US DOLLAR,84.95,84.8528,85.0472
6/6/2013,US DOLLAR,85.1806,85.0972,85.2639
5/6/2013,US DOLLAR,85.0972,85.0056,85.1889
4/6/2013,US DOLLAR,85.2208,85.1333,85.3083
3/6/2013,US DOLLAR,85.1281,85.0339,85.2222
31/05/2013,US DOLLAR,85.1236,85.0361,85.2111
30/05/2013,US DOLLAR,84.9042,84.8111,84.9972
29/05/2013,US DOLLAR,85.2861,85.1861,85.3861
28/05/2013,US DOLLAR,84.9833,84.8861,85.0806
27/05/2013,US DOLLAR,84.4261,84.3344,84.5178
24/05/2013,US DOLLAR,84.37,84.2756,84.4644
23/05/2013,US DOLLAR,84.4764,84.3806,84.5722
22/05/2013,US DOLLAR,84.2597,84.1694,84.35
21/05/2013,US DOLLAR,83.8508,83.7606,83.9411
20/05/2013,US DOLLAR,83.8375,83.7639,83.9111
17/05/2013,US DOLLAR,83.7972,83.7111,83.8833
16/05/2013,US DOLLAR,83.8242,83.7339,83.9144
15/05/2013,US DOLLAR,83.8069,83.7222,83.8917
14/05/2013,US DOLLAR,83.8361,83.7361,83.9361
13/05/2013,US DOLLAR,83.8609,83.7969,83.925
10/5/2013,US DOLLAR,83.725,83.6333,83.8167
9/5/2013,US DOLLAR,83.7917,83.6778,83.9056
8/5/2013,US DOLLAR,83.8989,83.8072,83.9906
7/5/2013,US DOLLAR,83.8906,83.7956,83.9856
6/5/2013,US DOLLAR,83.7164,83.6233,83.8094
3/5/2013,US DOLLAR,83.7553,83.6628,83.8478
2/5/2013,US DOLLAR,83.795,83.7006,83.8894
30/04/2013,US DOLLAR,83.8208,83.7194,83.9222
29/04/2013,US DOLLAR,83.8131,83.7144,83.9117
26/04/2013,US DOLLAR,83.7944,83.6944,83.8944
25/04/2013,US DOLLAR,83.7681,83.6639,83.8722
24/04/2013,US DOLLAR,83.7833,83.6806,83.8861
23/04/2013,US DOLLAR,83.8836,83.785,83.9822
22/04/2013,US DOLLAR,83.8831,83.7889,83.9772
19/04/2013,US DOLLAR,83.82,83.7228,83.9172
18/04/2013,US DOLLAR,83.7933,83.6989,83.8878
17/04/2013,US DOLLAR,83.8989,83.8044,83.9933
16/04/2013,US DOLLAR,83.8781,83.7728,83.9833
15/04/2013,US DOLLAR,83.9889,83.8889,84.0889
12/4/2013,US DOLLAR,84.1861,84.0889,84.2833
11/4/2013,US DOLLAR,84.3039,84.2067,84.4011
10/4/2013,US DOLLAR,84.6792,84.5806,84.7778
8/4/2013,US DOLLAR,84.7917,84.6972,84.8861
5/4/2013,US DOLLAR,84.8639,84.7694,84.9583
4/4/2013,US DOLLAR,84.8569,84.7583,84.9556
3/4/2013,US DOLLAR,84.9903,84.8917,85.0889
2/4/2013,US DOLLAR,84.9833,84.8028,85.1639
28/03/2013,US DOLLAR,85.6386,85.5539,85.7233
27/03/2013,US DOLLAR,85.8083,85.7139,85.9028
26/03/2013,US DOLLAR,85.8486,85.75,85.9472
25/03/2013,US DOLLAR,85.8258,85.7411,85.9106
22/03/2013,US DOLLAR,85.7628,85.6794,85.8461
21/03/2013,US DOLLAR,85.725,85.6278,85.8222
20/03/2013,US DOLLAR,85.7139,85.6139,85.8139
19/03/2013,US DOLLAR,85.8083,85.7083,85.9083
18/03/2013,US DOLLAR,85.6014,85.4972,85.7056
15/03/2013,US DOLLAR,85.6361,85.5389,85.7333
14/03/2013,US DOLLAR,85.34,85.24,85.44
13/03/2013,US DOLLAR,85.3222,85.2194,85.425
12/3/2013,US DOLLAR,85.5889,85.4778,85.7
11/3/2013,US DOLLAR,85.8236,85.7056,85.9417
8/3/2013,US DOLLAR,86.1639,86.0583,86.2694
7/3/2013,US DOLLAR,86.5833,86.4361,86.7306
6/3/2013,US DOLLAR,86.1667,86.0333,86.3
5/3/2013,US DOLLAR,86.0375,85.9389,86.1361
1/3/2013,US DOLLAR,86.1403,86.0433,86.2372
28/02/2013,US DOLLAR,86.2361,86.1306,86.3417
27/02/2013,US DOLLAR,87.2319,87.1361,87.3278
26/02/2013,US DOLLAR,87.3194,87.2194,87.4194
25/02/2013,US DOLLAR,87.4764,87.3806,87.5722
22/02/2013,US DOLLAR,87.5419,87.4433,87.6406
21/02/2013,US DOLLAR,87.5964,87.495,87.6978
20/02/2013,US DOLLAR,87.6336,87.5406,87.7267
19/02/2013,US DOLLAR,87.6094,87.5094,87.7094
18/02/2013,US DOLLAR,87.4108,87.3122,87.5094
15/02/2013,US DOLLAR,87.4194,87.325,87.5139
14/02/2013,US DOLLAR,87.3428,87.2483,87.4372
13/02/2013,US DOLLAR,87.4519,87.3606,87.5433
12/2/2013,US DOLLAR,87.5756,87.4806,87.6706
11/2/2013,US DOLLAR,87.5681,87.4722,87.6639
8/2/2013,US DOLLAR,87.5539,87.4572,87.6506
7/2/2013,US DOLLAR,87.6133,87.5167,87.71
6/2/2013,US DOLLAR,87.6025,87.5094,87.6956
5/2/2013,US DOLLAR,87.5775,87.4817,87.6733
4/2/2013,US DOLLAR,87.5669,87.4672,87.6667
1/2/2013,US DOLLAR,87.5828,87.4939,87.6717
31/01/2013,US DOLLAR,87.6111,87.5139,87.7083
30/01/2013,US DOLLAR,87.5861,87.4861,87.6861
29/01/2013,US DOLLAR,87.5906,87.4906,87.6906
28/01/2013,US DOLLAR,87.5828,87.4856,87.68
25/01/2013,US DOLLAR,87.5206,87.4322,87.6089
24/01/2013,US DOLLAR,87.4694,87.3761,87.5628
23/01/2013,US DOLLAR,87.3794,87.2961,87.4628
22/01/2013,US DOLLAR,86.9792,86.8889,87.0694
21/01/2013,US DOLLAR,86.8531,86.7683,86.9378
18/01/2013,US DOLLAR,86.8653,86.775,86.9556
17/01/2013,US DOLLAR,86.7042,86.6167,86.7917
16/01/2013,US DOLLAR,86.6989,86.61,86.7878
15/01/2013,US DOLLAR,86.6853,86.6011,86.7694
14/01/2013,US DOLLAR,86.6844,86.5928,86.7761
11/1/2013,US DOLLAR,86.6722,86.5861,86.7583
10/1/2013,US DOLLAR,86.6053,86.5206,86.69
9/1/2013,US DOLLAR,86.5242,86.4367,86.6117
8/1/2013,US DOLLAR,86.4775,86.3917,86.5633
7/1/2013,US DOLLAR,86.4264,86.3306,86.5222
4/1/2013,US DOLLAR,86.4417,86.35,86.5333
3/1/2013,US DOLLAR,86.3569,86.2667,86.4472
2/1/2013,US DOLLAR,86.0769,85.9789,86.175
